{
    "eval_loss": 0.35835447907447815,
    "eval_runtime": 32.8084,
    "eval_samples_per_second": 11.278,
    "eval_steps_per_second": 1.433,
    "epoch": 3.0,
    "training_time": 7530.12353849411,
    "perplexity": 1.4309728145599365
}